,소재지전체주소,사업장명,업태구분명,지역
13,서울특별시 종로구 낙원동 198 금강빌딩 ,청춘일번지,호프/통닭,낙원동
19,서울특별시 종로구 명륜2가 184 ,깊·골(SHEN XIANG),호프/통닭,명륜2가
57,서울특별시 종로구 명륜4가 11-2 ,토라 대학로점,호프/통닭,명륜4가
58,서울특별시 종로구 종로3가 132-1 ,가르텐 비어,호프/통닭,종로3가
87,서울특별시 종로구 무악동 89 경희궁 롯데캐슬 ,태성골뱅이,호프/통닭,무악동
96,서울특별시 종로구 묘동 175 이화빌딩 ,커먼 Common,호프/통닭,묘동
146,서울특별시 종로구 인사동 208-0 ,비비큐 치킨(인사점),통닭(치킨),인사동
151,서울특별시 종로구 관수동 120번지 ,호,호프/통닭,관수동
177,서울특별시 종로구 관철동 6-6 ,BHC 종로점,호프/통닭,관철동
199,서울특별시 종로구 숭인동 1368 숭인한성아펠시티 ,가마치통닭(신설동점),호프/통닭,숭인동
223,서울특별시 종로구 숭인동 201-4 ,둘둘치킨,호프/통닭,숭인동
252,서울특별시 종로구 관철동 13-9번지 ,종각 상구비어,호프/통닭,관철동
255,서울특별시 종로구 관철동 19-6 ,영구비어,호프/통닭,관철동
260,서울특별시 종로구 동숭동 1-65번지 ,백팩,호프/통닭,동숭동
281,서울특별시 종로구 익선동 106-0번지 ,포쉬(POSH),호프/통닭,익선동
297,서울특별시 종로구 송월동 60-5번지 ,로얄,호프/통닭,송월동
303,서울특별시 종로구 무악동 67-2번지 ,골든벨호프,호프/통닭,무악동
363,서울특별시 종로구 인사동 37번지 3층 ,힐링타임365,호프/통닭,인사동
384,서울특별시 종로구 혜화동 143-2번지 ,대봉수 대학로족발·보쌈,호프/통닭,혜화동
571,서울특별시 종로구 동숭동 1-35번지 지상4층 ,주주연가(대학로점),호프/통닭,동숭동
593,서울특별시 종로구 낙원동 227번지 ,그때그집,호프/통닭,낙원동
594,서울특별시 종로구 돈의동 153번지 ,하늘정원,호프/통닭,돈의동
608,서울특별시 종로구 체부동 39-2번지 지상1층 ,미락치킨 경복궁 본점,통닭(치킨),체부동
609,서울특별시 종로구 교북동 75번지 ,청수,호프/통닭,교북동
636,서울특별시 종로구 효제동 174-2 ,비비큐(BBQ) 종로 효제점,호프/통닭,효제동
639,서울특별시 종로구 명륜2가 21-18번지 지상1층 ,통큰갈비,통닭(치킨),명륜2가
675,서울특별시 종로구 돈의동 107번지 (지상1층) ,이화주막,호프/통닭,돈의동
677,서울특별시 종로구 관철동 14-3번지 ,다락방,호프/통닭,관철동
708,서울특별시 종로구 낙원동 159번지 지상1층 ,비앤비,호프/통닭,낙원동
709,서울특별시 종로구 당주동 160-0 변호사회관 지하동 1-33호,유월,호프/통닭,당주동
732,서울특별시 종로구 종로4가 59-2번지 ,테리야끼,호프/통닭,종로4가
773,서울특별시 종로구 관철동 43-7 지상2층 ,(주)참치공방 정다운지점,호프/통닭,관철동
801,서울특별시 종로구 창신동 561-2번지 ,발리호프원,호프/통닭,창신동
807,서울특별시 종로구 혜화동 167-3 ,림스치킨 혜화점,호프/통닭,혜화동
814,서울특별시 종로구 관철동 18-9 ,두껍포차 본점,호프/통닭,관철동
834,서울특별시 종로구 숭인동 313-14번지 ,계경 순대국 동묘역점,호프/통닭,숭인동
906,서울특별시 종로구 돈의동 51 ,종삼육,호프/통닭,돈의동
930,서울특별시 종로구 신문로1가 156-0 ,동성로왕찹쌀꽈배기,호프/통닭,신문로1가
983,서울특별시 종로구 혜화동 16-9 ,또봉이 통닭,호프/통닭,혜화동
999,서울특별시 종로구 사직동 304-15 ,소풍,호프/통닭,사직동
1006,서울특별시 종로구 종로1가 24번지 르메이에르종로타운1 ,부티크,호프/통닭,종로1가
1015,서울특별시 종로구 종로1가 24번지 르메이에르종로타운1 ,종로호프,호프/통닭,종로1가
1077,서울특별시 종로구 숭인동 218 ,고전 통닭,호프/통닭,숭인동
1226,서울특별시 종로구 숭인동 76 롯데캐슬상가 116호,둘둘치킨(롯데캐슬숭인점),통닭(치킨),숭인동
1236,서울특별시 종로구 명륜3가 148-1 지상1층 ,건강한빵,호프/통닭,명륜3가
1288,서울특별시 종로구 내자동 11-1번지 ,동해 남부선,호프/통닭,내자동
1304,서울특별시 종로구 관철동 18-9번지 18-8 ,맥주 이마트,호프/통닭,관철동
1320,서울특별시 종로구 효제동 217-0번지 ,슈퍼비어,호프/통닭,효제동
1341,서울특별시 종로구 창신동 464-6번지 2층 ,교촌치킨 24시 동대문1호점,통닭(치킨),창신동
1401,서울특별시 종로구 창신동 561-1 ,창신 561,호프/통닭,창신동
1423,서울특별시 종로구 신문로2가 12-5 지하1층 ,또래오래 정동점,호프/통닭,신문로2가
1484,서울특별시 종로구 묘동 100 (지상1층) ,서울88맥주,호프/통닭,묘동
1497,서울특별시 종로구 통의동 66-0 ,육회바른연어,호프/통닭,통의동
1511,서울특별시 종로구 인사동 209-0번지 ,종각역점 바른치킨,호프/통닭,인사동
1524,서울특별시 종로구 관철동 43-6번지 ,이자카야나무(종각점),호프/통닭,관철동
1533,서울특별시 종로구 낙원동 192번지 지상1~2층 ,시민식당,호프/통닭,낙원동
1535,서울특별시 종로구 통인동 147-2 지하1층 ,이서방양념치킨 효자본점,통닭(치킨),통인동
1562,서울특별시 종로구 명륜4가 46-1 ,풍년집,호프/통닭,명륜4가
1568,서울특별시 종로구 인사동 102-0번지 ,국민포차 야시장,호프/통닭,인사동
1590,서울특별시 종로구 관훈동 123-4 ,오가다,호프/통닭,관훈동
1596,서울특별시 종로구 재동 88번지 ,치킨하우스,통닭(치킨),재동
1614,서울특별시 종로구 인의동 111-7 지상1층 ,매머드 익스프레스 종로창경궁로점,호프/통닭,인의동
1650,서울특별시 종로구 창신동 534 ,창신호프,호프/통닭,창신동
1654,서울특별시 종로구 종로5가 245-0번지 ,종로호프,호프/통닭,종로5가
1658,서울특별시 종로구 인사동 72-0번지 지상2층 ,삼성삼통,호프/통닭,인사동
1672,서울특별시 종로구 동숭동 1-55번지 2층 ,bhc 치킨대학로본점,호프/통닭,동숭동
1815,서울특별시 종로구 동숭동 1-27 1.2층 ,케이에프씨 대학로점,호프/통닭,동숭동
1847,서울특별시 종로구 종로1가 24 B113-5 ,후니도니,호프/통닭,종로1가
1849,서울특별시 종로구 종로5가 116번지 1층 ,썬더치킨,호프/통닭,종로5가
1878,서울특별시 종로구 효제동 330 1층 ,돈치킨 종로5가점,통닭(치킨),효제동
2019,서울특별시 종로구 숭인동 183-1 1층 ,닭한마리,호프/통닭,숭인동
2062,서울특별시 종로구 익선동 166-57 1층 ,크래프트루익선,호프/통닭,익선동
2063,서울특별시 종로구 명륜2가 24-1 지상2층 ,도토리편백집,호프/통닭,명륜2가
2083,서울특별시 종로구 내자동 178-2번지 ,한강치킨,통닭(치킨),내자동
2116,서울특별시 종로구 통의동 67-3번지 2층 ,치킨인더키친 경복궁역점,통닭(치킨),통의동
2185,서울특별시 종로구 관철동 19-20번지 3층 ,포차어게인,호프/통닭,관철동
2226,서울특별시 종로구 명륜4가 113-1 지상1층 ,교촌치킨대학로점,호프/통닭,명륜4가
2229,서울특별시 종로구 효제동 318-1번지 지상1층 ,배부장찌개,통닭(치킨),효제동
2260,서울특별시 종로구 연건동 76번지 ,둘둘,호프/통닭,연건동
2265,서울특별시 종로구 관철동 155 지상1층 101호,마당호프,호프/통닭,관철동
2279,서울특별시 종로구 명륜2가 216-2 지하1층 ,엘리트,호프/통닭,명륜2가
2307,서울특별시 종로구 명륜1가 10-27번지 지상1층 ,영일식당,통닭(치킨),명륜1가
2316,서울특별시 종로구 명륜3가 82-3 ,틈,호프/통닭,명륜3가
2331,서울특별시 종로구 무악동 45-65번지 ,썬더치킨,호프/통닭,무악동
2419,서울특별시 종로구 숭인동 72-71번지 ,숭인 호프,호프/통닭,숭인동
2422,서울특별시 종로구 관철동 13-8 1층 ,자담치킨 종로1,호프/통닭,관철동
2449,서울특별시 종로구 명륜4가 60-1번지 ,오늘도 한잔,호프/통닭,명륜4가
2487,서울특별시 종로구 부암동 254-5번지 ,친구들,호프/통닭,부암동
2492,서울특별시 종로구 효제동 232 2층 ,궁,호프/통닭,효제동
2533,서울특별시 종로구 숭인동 1081번지 ,짝 비어&포차,호프/통닭,숭인동
2571,서울특별시 종로구 관철동 산 19-9 5층 ,미친닭,호프/통닭,관철동
2615,서울특별시 종로구 관철동 13-8 2.3.4층 ,자담치킨 종로2호점,호프/통닭,관철동
2625,서울특별시 종로구 숭인동 313-7 외1필지 ,대화치킨,통닭(치킨),숭인동
2636,서울특별시 종로구 익선동 166-45 ,소하염전,호프/통닭,익선동
2647,서울특별시 종로구 관철동 43-8번지 ,아지트,호프/통닭,관철동
2660,서울특별시 종로구 관철동 13-9 3층 ,오렌지룸,호프/통닭,관철동
2723,"서울특별시 종로구 체부동 195번지 1,2층 ",세종마을 치킨,호프/통닭,체부동
2733,서울특별시 종로구 종로2가 102-1 2층 ,맘스터치,호프/통닭,종로2가
2738,서울특별시 종로구 숭인동 65-12 지상1층 ,치킨이 왕이닭,호프/통닭,숭인동
2739,서울특별시 종로구 관철동 155번지 1층 102호,비어하우스,호프/통닭,관철동
2870,서울특별시 종로구 부암동 263-1 1층 ,부암비어,호프/통닭,부암동
2963,서울특별시 종로구 내자동 11-1번지 2층 ,2층 계단집,호프/통닭,내자동
2965,서울특별시 종로구 숭인동 1410번지 ,황학동 그집,통닭(치킨),숭인동
3000,서울특별시 종로구 관철동 13-9 1층 ,자담치킨 종로점,호프/통닭,관철동
3050,서울특별시 종로구 평창동 182-2번지 지하1층 ,다라치호프,호프/통닭,평창동
3064,서울특별시 종로구 명륜4가 118-9 지층 ,비스트로 혜화(Bistro 혜화),통닭(치킨),명륜4가
3079,서울특별시 종로구 숭인동 1061번지 지상2층 ,필,호프/통닭,숭인동
3085,서울특별시 종로구 낙원동 141번지 ,스파이스치킨,통닭(치킨),낙원동
3171,서울특별시 종로구 관철동 19-7번지 지상1층 ,종로실내포차,호프/통닭,관철동
3172,서울특별시 종로구 창신동 630-1번지 지하1층 ,서린,호프/통닭,창신동
3200,서울특별시 종로구 종로1가 24번지 르메이에르 지하1층 123호 ,더치킨,통닭(치킨),종로1가
3223,서울특별시 종로구 관수동 43-2 (지상1층) ,맥줏집,호프/통닭,관수동
3235,서울특별시 종로구 관철동 37-2 지상1층 ,1988 옛날통닭,호프/통닭,관철동
3251,서울특별시 종로구 돈의동 137번지 지상9층 ,제우스,호프/통닭,돈의동
3252,서울특별시 종로구 돈의동 102 (지상2층) ,메모리(memory),호프/통닭,돈의동
3254,서울특별시 종로구 숭인동 266번지 ,호프마당,호프/통닭,숭인동
3263,서울특별시 종로구 숭인동 1236번지 지상1층 ,카오스,호프/통닭,숭인동
3324,서울특별시 종로구 공평동 130-1번지 ,열차집,호프/통닭,공평동
3328,서울특별시 종로구 창신동 583-20번지 (지상1층) ,봉남이네 호프,호프/통닭,창신동
3329,서울특별시 종로구 숭인동 81-22번지 지상2층 ,지상,호프/통닭,숭인동
3332,서울특별시 종로구 창신동 580-1번지 지상1층 ,대양통닭,통닭(치킨),창신동
3337,서울특별시 종로구 무악동 63-4번지 1층 7호 ,싱글,호프/통닭,무악동
3389,서울특별시 종로구 창신동 17-29 새마을금고 ,비비큐 창신점,호프/통닭,창신동
3399,서울특별시 종로구 신문로1가 7-5 1층 ,칠돈가 광화문점,호프/통닭,신문로1가
3407,서울특별시 종로구 명륜4가 164-1번지 ,마리오,호프/통닭,명륜4가
3423,서울특별시 종로구 신문로1가 238 지하1층 37호 ,광화문 하루,호프/통닭,신문로1가
3425,서울특별시 종로구 통인동 76-3번지 지하1층 ,미림,호프/통닭,통인동
3455,서울특별시 종로구 창신동 627-19번지 (지하1층) ,동해,호프/통닭,창신동
3461,서울특별시 종로구 효제동 233-2 1층 ,꼬꼬순이,호프/통닭,효제동
3476,서울특별시 종로구 종로2가 40 1층 ,치킨매니아(종로3가점),호프/통닭,종로2가
3525,서울특별시 종로구 관철동 43-6번지 ,이자카야나무(종각점),호프/통닭,관철동
3546,서울특별시 종로구 창신동 498 지상1층 ,동대문 한국통닭,통닭(치킨),창신동
3590,"서울특별시 종로구 무악동 45-60번지 외2필지(45-61,45-424)지상1층 ",산타치킨,통닭(치킨),무악동
3663,서울특별시 종로구 숭인동 1075 1층 ,치킨주막,통닭(치킨),숭인동
3667,서울특별시 종로구 권농동 168번지 ,해랑,호프/통닭,권농동
3677,서울특별시 종로구 관철동 19-12번지 ,홍스비어(HONG'S BEER),호프/통닭,관철동
3702,서울특별시 종로구 명륜2가 168-1 1층 ,미스타교자 혜화점,호프/통닭,명륜2가
3730,서울특별시 종로구 관수동 149-1번지 지상1층 ,청계 커피 호프 광장,호프/통닭,관수동
3741,서울특별시 종로구 내수동 75번지 용비어천가 지상1층 105호 ,야들리애 치킨,통닭(치킨),내수동
3774,서울특별시 종로구 창신동 580-3 ,고기와 찌개마을,호프/통닭,창신동
3788,서울특별시 종로구 명륜1가 83-5번지 ,비에이치씨(BHC),통닭(치킨),명륜1가
3794,서울특별시 종로구 명륜4가 85-9번지 1층 ,꺽정이네장작구이,호프/통닭,명륜4가
3810,서울특별시 종로구 돈의동 93-6번지 ,007소주방,호프/통닭,돈의동
3849,서울특별시 종로구 창신동 643번지 지하1층 ,해랑,호프/통닭,창신동
3902,서울특별시 종로구 명륜3가 134-2번지 지상1층 ,아시안 테이블,호프/통닭,명륜3가
3905,서울특별시 종로구 부암동 258-3 ,계열사,호프/통닭,부암동
3906,서울특별시 종로구 창신동 633-6 (지하1층) ,러쉬,호프/통닭,창신동
3907,서울특별시 종로구 창신동 633-24번지 (1층) ,동해,호프/통닭,창신동
3981,서울특별시 종로구 평동 233번지 경희궁자이 3단지 ,생활맥주 서대문경희궁자이점,호프/통닭,평동
4007,서울특별시 종로구 종로5가 2-5 ,옛날통닭,호프/통닭,종로5가
4092,"서울특별시 종로구 낙원동 93번지 외1필지, 2층 1호",천년동안도,호프/통닭,낙원동
4118,서울특별시 종로구 숭인동 183-9 ,돈치킨 숭인점,통닭(치킨),숭인동
4138,서울특별시 종로구 청진동 11-6번지 ,치어리더호프,호프/통닭,청진동
4210,서울특별시 종로구 동숭동 1-73번지 (지상2층) ,더 키친750,호프/통닭,동숭동
4246,서울특별시 종로구 낙원동 202 ,전설의치킨,호프/통닭,낙원동
4280,서울특별시 종로구 청진동 191-2 ,식껍 종로구청점,호프/통닭,청진동
4281,서울특별시 종로구 종로5가 246-2 ,해뜰날 포장마차,호프/통닭,종로5가
4297,서울특별시 종로구 동숭동 1-100번지 3층 ,명가 교동 짬뽕,호프/통닭,동숭동
4298,서울특별시 종로구 와룡동 173 1층 ,샐러드로우앤트라타 익선점,호프/통닭,와룡동
4311,서울특별시 종로구 동숭동 1-78번지 지상5층 ,8[pal](팔) Ⅶ,호프/통닭,동숭동
4366,서울특별시 종로구 낙원동 161 (지하1층) ,휘,호프/통닭,낙원동
4390,서울특별시 종로구 교남동 45-2 1층 ,모두랑,호프/통닭,교남동
4405,서울특별시 종로구 동숭동 1-27 ,쭈꾸미부대찌개,호프/통닭,동숭동
4417,서울특별시 종로구 낙원동 218-1 지상4층 ,장소유,호프/통닭,낙원동
4491,서울특별시 종로구 통의동 49-1 ,국수명가,통닭(치킨),통의동
4504,서울특별시 종로구 묘동 149-1 태종빌딩 ,밍글,호프/통닭,묘동
4524,서울특별시 종로구 관철동 12-2번지 5층 ,딴따라 포차,호프/통닭,관철동
4532,서울특별시 종로구 낙원동 150-1 파고다빌딩 1층 ,네네치킨,호프/통닭,낙원동
4552,서울특별시 종로구 체부동 190번지 ,더밴드(The Band),호프/통닭,체부동
4578,서울특별시 종로구 낙원동 136번지 (지상1층) ,만남,호프/통닭,낙원동
4602,서울특별시 종로구 돈의동 160번지 ,님과 함께,호프/통닭,돈의동
4612,서울특별시 종로구 창신동 392-1번지 ,좌절금지,호프/통닭,창신동
4620,서울특별시 종로구 낙원동 121-1 지상1층 ,익선동 부산오뎅,호프/통닭,낙원동
4633,서울특별시 종로구 관훈동 198-11번지 (지상1층) ,썬비,호프/통닭,관훈동
4647,서울특별시 종로구 무악동 89 경희궁 롯데캐슬 ,돈박,호프/통닭,무악동
4674,서울특별시 종로구 명륜4가 8-1번지 ,카페 데 코믹스,호프/통닭,명륜4가
4691,서울특별시 종로구 창신동 676-1번지 ,서기맥주 동대문점,호프/통닭,창신동
4703,서울특별시 종로구 교남동 96번지 ,닭어사엔 못말리는 파닭,통닭(치킨),교남동
4723,서울특별시 종로구 창신동 17-12번지 지상1층 ,썬더치킨,통닭(치킨),창신동
4760,서울특별시 종로구 행촌동 171-176 ,처갓집양념치킨 독립문점,호프/통닭,행촌동
4761,서울특별시 종로구 관철동 45-2 ,야후커피호프,호프/통닭,관철동
4774,서울특별시 종로구 무악동 46 경희궁 롯데캐슬 ,구공치킨 독립문점,호프/통닭,무악동
4833,서울특별시 종로구 홍파동 199 경희궁자이 2단지 ,마마치킨 독립문점,호프/통닭,홍파동
4873,서울특별시 종로구 수송동 71-1 삼성빌딩 3층 ,소우,호프/통닭,수송동
4950,서울특별시 종로구 관철동 18-8 ,어시장,호프/통닭,관철동
4963,서울특별시 종로구 관철동 12-16번지 ,종로abc,호프/통닭,관철동
4981,서울특별시 종로구 창신동 651-26번지 ,가마치통닭,호프/통닭,창신동
4985,서울특별시 종로구 낙원동 236-1번지 낙원빌딩 ,신 한국통닭,호프/통닭,낙원동
4990,서울특별시 종로구 구기동 85-9 인왕빌딩 ,강남포차,호프/통닭,구기동
4992,서울특별시 종로구 신문로1가 135-2 ,경성치킨 광화문스퀘어점,호프/통닭,신문로1가
5002,서울특별시 종로구 구기동 85-2 1층 ,태성골뱅이신사 상명대구기점,호프/통닭,구기동
5022,서울특별시 종로구 수송동 58 두산위브파빌리온 ,생활맥주 종로구청2호점,호프/통닭,수송동
5023,서울특별시 종로구 명륜2가 34 2층 ,밀회관 대학로점,호프/통닭,명륜2가
5030,서울특별시 종로구 동숭동 1-59 1층 ,삼덕통닭 혜화점,호프/통닭,동숭동
5105,서울특별시 종로구 낙원동 187 대한빌딩 1층 102호,팬시(FANCY),호프/통닭,낙원동
5133,서울특별시 종로구 낙원동 229 2층 ,골든,호프/통닭,낙원동
5134,서울특별시 종로구 도렴동 60번지 지하1층 16호호,꼬꼬 뚝 닭,호프/통닭,도렴동
5139,서울특별시 종로구 관수동 161-12번지 지상1층 ,치킨랲,통닭(치킨),관수동
5148,서울특별시 종로구 돈의동 37 삼창빌딩 ,익선동 노가리마켓,호프/통닭,돈의동
5155,서울특별시 종로구 낙원동 127-3 ,거북슈퍼,호프/통닭,낙원동
5168,서울특별시 종로구 관철동 13-2 ,비어8톤 1층,호프/통닭,관철동
5172,서울특별시 종로구 옥인동 110 ,영광통닭 더하기,호프/통닭,옥인동
5200,서울특별시 종로구 관철동 10-23번지 1층 ,등촌샤브칼국수,호프/통닭,관철동
5210,서울특별시 종로구 동숭동 1-63 ,대학로에 취하다 혜화역 본점,호프/통닭,동숭동
5247,서울특별시 종로구 숭인동 296-21번지 ,호식이 두마리 치킨(숭인점),통닭(치킨),숭인동
5262,서울특별시 종로구 관철동 19-1 해덕빌딩 ,역전할머니맥주 종각역점,호프/통닭,관철동
5266,서울특별시 종로구 창신동 23-76번지 브라운스톤 창신 ,파파푸드 종로점,호프/통닭,창신동
5267,서울특별시 종로구 수송동 16-1 ,명가원,호프/통닭,수송동
5284,서울특별시 종로구 창신동 81-9번지 ,호프47번가,호프/통닭,창신동
5291,서울특별시 종로구 창신동 23-76번지 브라운스톤 창신 ,또봉이통닭 창신역점,호프/통닭,창신동
5294,서울특별시 종로구 신문로2가 25번지 ,서궁,호프/통닭,신문로2가
5332,서울특별시 종로구 명륜4가 61-3 ,레빗(Rabbit),호프/통닭,명륜4가
5347,서울특별시 종로구 동숭동 1-105 ,비비큐 대학로점,호프/통닭,동숭동
5386,서울특별시 종로구 숭인동 1047 1층 ,천사호프,호프/통닭,숭인동
5387,서울특별시 종로구 창신동 519-1 2층 ,라온커피호프,호프/통닭,창신동
5443,서울특별시 종로구 돈의동 37 삼창빌딩 ,하이(Hi),호프/통닭,돈의동
5457,서울특별시 종로구 창신동 212 ,종로통닭,호프/통닭,창신동
5479,서울특별시 종로구 창신동 213 ,종로통닭,호프/통닭,창신동
5507,서울특별시 종로구 숭인동 397 1층 ,95&96(감성포차),통닭(치킨),숭인동
5518,서울특별시 종로구 창신동 330-2 ,굽네치킨(동대문역점),호프/통닭,창신동
5541,서울특별시 종로구 숭인동 326번지 이화장여관 ,브라이트 사이드(BRIGHT SIDE),호프/통닭,숭인동
5677,서울특별시 종로구 행촌동 209-69 대신빌딩 1층 ,비에이치씨(BHC) 독립문역점,호프/통닭,행촌동
5681,서울특별시 종로구 창신동 582-29 ,인생 닭강정,호프/통닭,창신동
5682,서울특별시 종로구 운니동 98-20 로얄창덕궁빌딩 702호,비어있는 삶,호프/통닭,운니동
5737,서울특별시 종로구 관철동 19-22 ,해도지 맛집,호프/통닭,관철동
5748,서울특별시 종로구 동숭동 1-61 1층 ,생활맥주 대학로마로니에점,호프/통닭,동숭동
5794,서울특별시 종로구 관철동 18-3 ,아리계곡 종각점 2호,호프/통닭,관철동
5811,서울특별시 종로구 돈의동 46-1 ,인쌩맥주(익선점),호프/통닭,돈의동
5840,서울특별시 종로구 관철동 12-15번지 (3층) ,소소 종로점,호프/통닭,관철동
5880,서울특별시 종로구 창신동 138-89번지 지하1층 ,무공유통,통닭(치킨),창신동
5887,서울특별시 종로구 당주동 171번지 (지상1층) ,오븐에 빠진닭,통닭(치킨),당주동
5929,서울특별시 종로구 종로5가 42-1 신화빌딩 ,옥이네,호프/통닭,종로5가
5938,서울특별시 종로구 내자동 197 ,효도치킨 광화문점,호프/통닭,내자동
5941,"서울특별시 종로구 창신동 176 1,2층 ",멕시카나 동대문역점,호프/통닭,창신동
5966,서울특별시 종로구 관철동 19-4 1~2층 ,금별맥주 종로점,호프/통닭,관철동
5971,서울특별시 종로구 화동 87-1 2층 ,홈브루하우스(MYBL HOMEBREW HAUS),호프/통닭,화동
6032,서울특별시 종로구 창신동 581-21 ,이서진의 맛집,호프/통닭,창신동
6036,서울특별시 종로구 숭인동 72-86 ,문문,호프/통닭,숭인동
6071,서울특별시 종로구 누하동 31 1층 ,서촌주점(서촌酒점),호프/통닭,누하동
6085,"서울특별시 종로구 종로5가 398-20 1,2층 ",라거스팟 광장시장,호프/통닭,종로5가
6088,서울특별시 종로구 낙원동 159 대원빌딩 1층 ,타이거(Tiger),호프/통닭,낙원동
6233,서울특별시 종로구 명륜2가 116 ,가마치통닭 성대점,호프/통닭,명륜2가
6238,서울특별시 종로구 내자동 163 2층 ,재즈레터,호프/통닭,내자동
6260,서울특별시 종로구 창신동 302-5 ,카이식탁 (Kai Table),호프/통닭,창신동
6319,서울특별시 종로구 숭인동 1263 수도회화전문확원 ,서기맥주,호프/통닭,숭인동
6330,서울특별시 종로구 창신동 583-95번지 ,고흥식당,호프/통닭,창신동
6334,서울특별시 종로구 종로5가 249번지 ,한일당구장,호프/통닭,종로5가
6360,"서울특별시 종로구 관철동 7-4 1, 2층 ",굽네치킨 종각역점,호프/통닭,관철동
6440,서울특별시 종로구 종로5가 27-1 1층 ,한국통닭 종로5가점,호프/통닭,종로5가
6457,서울특별시 종로구 창신동 406-1 2층 ,동근이숯불두마리치킨 창신점,호프/통닭,창신동
6519,서울특별시 종로구 묘동 175 이화빌딩 ,커먼투 Common two,호프/통닭,묘동
6656,서울특별시 종로구 청진동 165-5번지 ,유선,호프/통닭,청진동
6663,서울특별시 종로구 관수동 21-2번지 ,하마,호프/통닭,관수동
6733,서울특별시 종로구 혜화동 89-1 ,이나살치킨,호프/통닭,혜화동
6843,서울특별시 종로구 관훈동 155-2 ,(주)엠케이펍,호프/통닭,관훈동
6856,서울특별시 종로구 종로5가 398-16번지 ,청계천,호프/통닭,종로5가
7030,서울특별시 종로구 창신동 433-1번지 ,동신,호프/통닭,창신동
7031,서울특별시 종로구 통의동 35-97번지 ,아카데미,호프/통닭,통의동
7037,서울특별시 종로구 명륜3가 1-215번지 ,비어닭컴,호프/통닭,명륜3가
7040,서울특별시 종로구 창신동 687-4 ,타임,호프/통닭,창신동
7224,서울특별시 종로구 동숭동 1-58 ,투뿔소,통닭(치킨),동숭동
7633,서울특별시 종로구 명륜2가 195-11번지 지상1층 ,펍라붐(PUB LABOUM),호프/통닭,명륜2가
7684,서울특별시 종로구 관철동 10-2번지 ,쿠퍼스,호프/통닭,관철동
7707,서울특별시 종로구 사직동 217-1번지 ,현대,호프/통닭,사직동
7851,서울특별시 종로구 명륜2가 143-9번지 2층 ,청년곱창 198,호프/통닭,명륜2가
7900,서울특별시 종로구 평창동 325 ,와키,호프/통닭,평창동
7901,서울특별시 종로구 종로3가 6번지 ,디토,호프/통닭,종로3가
8007,서울특별시 종로구 돈의동 170-0번지 ,알콜뱅크,호프/통닭,돈의동
8087,서울특별시 종로구 관철동 19-20번지 ,하이트비어플러스,호프/통닭,관철동
8168,서울특별시 종로구 명륜2가 39-0번지 ,아이다호,호프/통닭,명륜2가
8428,서울특별시 종로구 창신동 217-1번지 ,티엔티,호프/통닭,창신동
8431,서울특별시 종로구 도렴동 60번지 지하1층 43호 ,미,호프/통닭,도렴동
8501,서울특별시 종로구 숭인동 217-9번지 ,땡기는날,호프/통닭,숭인동
8518,서울특별시 종로구 도렴동 115-4번지 ,잭클래식바(Jack Classic Bar),호프/통닭,도렴동
8533,서울특별시 종로구 관철동 7-17번지 ,닌자짱,호프/통닭,관철동
8601,서울특별시 종로구 창신동 583-6번지 ,고요로스칸,호프/통닭,창신동
8726,서울특별시 종로구 숭인동 202-3번지 지상1층 ,이서방치킨,통닭(치킨),숭인동
8773,서울특별시 종로구 혜화동 136번지 ,카라,호프/통닭,혜화동
8781,서울특별시 종로구 교북동 12-15번지 ,엘엔비,호프/통닭,교북동
8841,서울특별시 종로구 낙원동 194번지 덕우빌딩 ,함지,호프/통닭,낙원동
8847,서울특별시 종로구 돈의동 152-2번지 ,다락촌,호프/통닭,돈의동
8885,서울특별시 종로구 동숭동 1-96번지 ,루미대학로점,호프/통닭,동숭동
8888,서울특별시 종로구 동숭동 1-48번지 ,캘리포니아,호프/통닭,동숭동
8942,서울특별시 종로구 부암동 185-5번지 ,골뱅이집바다,호프/통닭,부암동
8943,서울특별시 종로구 종로3가 6번지 ,디토,호프/통닭,종로3가
9014,서울특별시 종로구 적선동 97번지 ,쉬리,호프/통닭,적선동
9016,서울특별시 종로구 숭인동 65-22번지 ,오뚜기호프,호프/통닭,숭인동
9018,서울특별시 종로구 명륜2가 24-4번지 ,메차쿠차,호프/통닭,명륜2가
9072,서울특별시 종로구 홍지동 46-1번지 지상1층 ,주댕이,호프/통닭,홍지동
9079,서울특별시 종로구 숭인동 1262번지 ,파로스,호프/통닭,숭인동
9096,서울특별시 종로구 명륜2가 176번지 ,박스힐,호프/통닭,명륜2가
9166,서울특별시 종로구 신영동 239-1번지 ,크래프트하우스,호프/통닭,신영동
9233,서울특별시 종로구 당주동 5-0 지하1층 ,사랑채,호프/통닭,당주동
9273,서울특별시 종로구 삼청동 37번지 ,삼십칠,호프/통닭,삼청동
9279,서울특별시 종로구 명륜2가 202번지 ,보름달뜨는마을,호프/통닭,명륜2가
9330,서울특별시 종로구 숭인동 191번지 ,왕짜장,호프/통닭,숭인동
9402,서울특별시 종로구 창신동 81-8번지 ,딱좋아,호프/통닭,창신동
9463,서울특별시 종로구 관철동 19-11 ,칸,호프/통닭,관철동
9656,서울특별시 종로구 내자동 11-1번지 ,OMC 치킨,호프/통닭,내자동
9680,서울특별시 종로구 당주동 100번지 지하 105호 ,윤가네,호프/통닭,당주동
9926,서울특별시 종로구 종로5가 75-1번지 ,하이트클래스,호프/통닭,종로5가
9985,서울특별시 종로구 당주동 168-0 ,백림호프주점,호프/통닭,당주동
10290,서울특별시 종로구 청진동 1-1번지 ,프렌치키스,호프/통닭,청진동
10417,서울특별시 종로구 필운동 206-0번지 ,숨바꼭질,호프/통닭,필운동
10582,서울특별시 종로구 명륜2가 181 지하1층 ,봉쥬비어,호프/통닭,명륜2가
10599,서울특별시 종로구 관철동 11-18 ,오늘의회 종각점,호프/통닭,관철동
10611,서울특별시 종로구 창신동 697-3 동원빌딩 1층 ,서기맥주 동대문점,호프/통닭,창신동
10731,서울특별시 종로구 종로6가 205-3번지 ,칼라호프,호프/통닭,종로6가
11103,서울특별시 종로구 운니동 57 지상1층 ,매종,호프/통닭,운니동
11338,서울특별시 종로구 명륜4가 8-1번지 ,삼칠포차,호프/통닭,명륜4가
11493,서울특별시 종로구 통인동 137-11번지 ,리치리치,통닭(치킨),통인동
11593,서울특별시 종로구 신문로1가 31-0번지 ,분짜라붐 광화문점,호프/통닭,신문로1가
11788,서울특별시 종로구 돈의동 50번지 지상1층 ,올래호프,호프/통닭,돈의동
11842,서울특별시 종로구 관철동 45-8번지 ,아스카,호프/통닭,관철동
12163,서울특별시 종로구 숭인동 313-16번지 ,이야기,호프/통닭,숭인동
12184,서울특별시 종로구 관철동 45-8번지 ,파라디아,호프/통닭,관철동
12838,서울특별시 종로구 창신동 691-0번지 ,비어캐빈,호프/통닭,창신동
12868,서울특별시 종로구 창신동 635-8번지 ,삼보전기통닭,통닭(치킨),창신동
13176,서울특별시 종로구 홍지동 127-22번지 ,즈봉,호프/통닭,홍지동
13520,서울특별시 종로구 필운동 108-4번지 1 ,광장호프,호프/통닭,필운동
13522,서울특별시 종로구 필운동 108번지 1층 ,광장호프,호프/통닭,필운동
13582,서울특별시 종로구 종로5가 88-4 2층 ,엘리팝,호프/통닭,종로5가
13802,서울특별시 종로구 돈의동 68-102번지 동의빌딩 ,짝태앤노가리,호프/통닭,돈의동
13912,서울특별시 종로구 숭인동 766 종로청계힐스테이트 ,썬더치킨,호프/통닭,숭인동
13950,서울특별시 종로구 홍지동 46-1번지 ,삼미치킨 상명대점,호프/통닭,홍지동
13954,서울특별시 종로구 부암동 385 지하1층 ,댕댕포차,호프/통닭,부암동
13970,서울특별시 종로구 창신동 635-8 ,통통배식당,호프/통닭,창신동
14239,서울특별시 종로구 관철동 19-12 1~2층 ,비어웍스(종로 종각역점),호프/통닭,관철동
14287,서울특별시 종로구 명륜4가 70-3번지 ,빽투더포차,호프/통닭,명륜4가
14288,서울특별시 종로구 동숭동 1-55번지 ,화덕피자신사,호프/통닭,동숭동
14359,서울특별시 종로구 평창동 66-72번지 안성빌딩 103호 ,조선미닭,통닭(치킨),평창동
14376,서울특별시 종로구 공평동 18번지 ,사진쟁이1019,호프/통닭,공평동
14422,서울특별시 종로구 창신동 635-8번지 지상1층 ,삼보치킨,통닭(치킨),창신동
14436,서울특별시 종로구 효제동 308 ,첨,호프/통닭,효제동
14467,"서울특별시 종로구 내수동 72번지 경희궁의아침3단지 167,168호 ",약초치킨종로점,통닭(치킨),내수동
14476,서울특별시 종로구 창신동 582-17번지 지상1층 ,소문난생만두,통닭(치킨),창신동
14485,서울특별시 종로구 동숭동 1-48번지 지하1층 ,소년소녀술싸롱,호프/통닭,동숭동
14503,서울특별시 종로구 돈의동 84-2번지 ,올인,호프/통닭,돈의동
14510,서울특별시 종로구 명륜2가 186-2번지 ,신촌불닭,통닭(치킨),명륜2가
14543,서울특별시 종로구 창신동 265번지 지상3층 ,럭셔리 수,호프/통닭,창신동
14547,서울특별시 종로구 숭인동 192번지 지상1층 ,석쇠한잔,통닭(치킨),숭인동
14573,서울특별시 종로구 창신동 130-66번지 ,코스닭 치킨,통닭(치킨),창신동
14574,서울특별시 종로구 숭인동 66-3번지 지상2층 ,밀리오,호프/통닭,숭인동
14591,서울특별시 종로구 동숭동 1-91번지 ,라구라구,통닭(치킨),동숭동
14624,서울특별시 종로구 신문로1가 31 2층 ,하이로 불닭,호프/통닭,신문로1가
14654,서울특별시 종로구 명륜2가 177번지 ,Best Friend(비에프),호프/통닭,명륜2가
14661,서울특별시 종로구 관철동 14-7번지 지상1층 ,도네누Ⅱ,통닭(치킨),관철동
14671,서울특별시 종로구 효제동 165번지 ,동동공주,호프/통닭,효제동
14679,서울특별시 종로구 종로6가 205-3번지 ,칼라식당,호프/통닭,종로6가
14704,서울특별시 종로구 종로5가 121-6번지 지하1층 ,종오,호프/통닭,종로5가
14733,서울특별시 종로구 무악동 67-2번지 ,포촌치킨독립문점,통닭(치킨),무악동
14739,서울특별시 종로구 익선동 57번지 ,치킨주막,호프/통닭,익선동
14784,서울특별시 종로구 관철동 6-5번지 ,마피아,호프/통닭,관철동
14814,서울특별시 종로구 명륜3가 2-24 (지상1층) ,The ( 더) 닭,통닭(치킨),명륜3가
14875,서울특별시 종로구 숭인동 217-19번지 지상2층 ,장작불바베큐,통닭(치킨),숭인동
14926,서울특별시 종로구 무악동 46-915번지 ,맛나치킨,통닭(치킨),무악동
14949,서울특별시 종로구 명륜3가 53번지 ,오픈창꼬,통닭(치킨),명륜3가
14958,서울특별시 종로구 창신동 583-30번지 지상1층 ,피자닭컴,통닭(치킨),창신동
15073,"서울특별시 종로구 혜화동 166-3번지 지상1,2층 ",토스피아,통닭(치킨),혜화동
15083,서울특별시 종로구 종로5가 214-6번지 ,뭐야뭐야,호프/통닭,종로5가
15122,서울특별시 종로구 종로1가 24번지 지하1층 B118-3호 ,종로 호프타운,호프/통닭,종로1가
15143,"서울특별시 종로구 내수동 73 경희궁의아침4단지 B133,B134 ",블랙 스완,호프/통닭,내수동
15152,서울특별시 종로구 돈의동 94번지 지상1층 ,모로,호프/통닭,돈의동
15203,서울특별시 종로구 효제동 249-1번지 2층 ,위드 비어,호프/통닭,효제동
15239,서울특별시 종로구 가회동 70-2 지층 ,떡가게 종춘 북촌점,호프/통닭,가회동
15330,"서울특별시 종로구 종로1가 24 르메이에르종로타운 지상2층 213,214호 ",텍사스,호프/통닭,종로1가
15416,서울특별시 종로구 관철동 13-13 종로코아빌딩 3층 ,스트라이크존 직영 종각점,호프/통닭,관철동
15441,서울특별시 종로구 통인동 46-41 1층 ,홉스치킨,호프/통닭,통인동
15471,서울특별시 종로구 효제동 123 1층 ,BHC 종로행복점,호프/통닭,효제동
15476,서울특별시 종로구 인의동 46-1번지 1층 ,비에이치씨(bhc)치킨,호프/통닭,인의동
15536,서울특별시 종로구 종로5가 45-1 ,한국통닭,호프/통닭,종로5가
15603,서울특별시 종로구 낙원동 55-1 ,소행성,호프/통닭,낙원동
15624,서울특별시 종로구 숭인동 218 1층 ,한국통닭,호프/통닭,숭인동
15632,서울특별시 종로구 연지동 85 ,바로두마리치킨,호프/통닭,연지동
15685,서울특별시 종로구 당주동 5번지 지하1층 ,광장맥주,통닭(치킨),당주동
15784,서울특별시 종로구 창신동 84-3번지 (지상1층) ,닭집,통닭(치킨),창신동
15786,서울특별시 종로구 묘동 201번지 (지하1층) ,본스치킨 종로3가점,통닭(치킨),묘동
15787,서울특별시 종로구 부암동 208-39번지 1층 ,제이디 라이브,호프/통닭,부암동
15806,서울특별시 종로구 옥인동 37번지 지상1층 ,용구비어,호프/통닭,옥인동
15807,서울특별시 종로구 명륜3가 53 지상1층 유림회관 14호,한잔더,호프/통닭,명륜3가
15814,서울특별시 종로구 내수동 74 광화문시대(102-1호) ,광화문 치킨뽀끼,통닭(치킨),내수동
15828,서울특별시 종로구 내자동 112-3 지상1층 101호 ,굽네치킨 (경복궁)점,통닭(치킨),내자동
15875,서울특별시 종로구 종로5가 45-3 1층 ,한국통닭,호프/통닭,종로5가
15898,서울특별시 종로구 도렴동 150-1번지 ,광화문 분식,호프/통닭,도렴동
15912,서울특별시 종로구 명륜4가 53 지하 1층 ,히든스시,호프/통닭,명륜4가
15913,서울특별시 종로구 종로5가 182-8 2층 ,동원커피호프,호프/통닭,종로5가
15917,서울특별시 종로구 창신동 20-40번지 (지상1층) ,비목,호프/통닭,창신동
15923,서울특별시 종로구 명륜3가 2-37번지 ,성대 통치킨,통닭(치킨),명륜3가
15937,서울특별시 종로구 창신동 633-6번지 (지하1층) ,발렌타인,호프/통닭,창신동
15941,서울특별시 종로구 혜화동 74-38번지 ,모심,호프/통닭,혜화동
15961,서울특별시 종로구 교남동 27번지 ,다울.민속점,호프/통닭,교남동
15969,서울특별시 종로구 종로5가 98번지 ,오늘통닭,통닭(치킨),종로5가
16004,서울특별시 종로구 관철동 12-5번지 ,봉구비어,호프/통닭,관철동
16018,서울특별시 종로구 동숭동 1-37번지 4층 ,이리스,호프/통닭,동숭동
16030,서울특별시 종로구 수송동 58번지 두산위브파빌리온 142호 ,이자카야마타,호프/통닭,수송동
16033,서울특별시 종로구 당주동 160번지 지하1층 6호 ,제이앤조이(J&Joy),호프/통닭,당주동
16063,서울특별시 종로구 숭인동 766번지 청계힐스테이트 단지내상가 나동 101호,치킨매니야,통닭(치킨),숭인동
16065,서울특별시 종로구 창신동 440-6번지 ,테라스(호프),통닭(치킨),창신동
16084,서울특별시 종로구 창신동 330-5번지 2층 ,압구정호프,호프/통닭,창신동
16093,서울특별시 종로구 창성동 109-2 지상1층 ,압셍트,호프/통닭,창성동
16095,서울특별시 종로구 동숭동 50-42번지 지상2층 ,좋은 친구들,호프/통닭,동숭동
16096,서울특별시 종로구 혜화동 185 중원빌딩 505-1호 ,칼리버,호프/통닭,혜화동
16125,서울특별시 종로구 창신동 436-73번지 지하1층 ,눈사람,호프/통닭,창신동
16153,서울특별시 종로구 효제동 268-2번지 지상1층 ,테마호프,호프/통닭,효제동
16158,서울특별시 종로구 신문로1가 238번지 신문로BD 지상1층 ,와바 광화문점,호프/통닭,신문로1가
16169,서울특별시 종로구 평창동 66-32번지 (지하1층) ,귀빈치킨,통닭(치킨),평창동
16173,서울특별시 종로구 낙원동 196번지 지하1층 ,종삼호프,호프/통닭,낙원동
16215,서울특별시 종로구 혜화동 15-44번지 ,거성치킨,통닭(치킨),혜화동
16232,서울특별시 종로구 숭인동 1388 1층 (109호) ,호프마당,호프/통닭,숭인동
16250,서울특별시 종로구 창신동 583-19번지 지상1층 ,두리아,통닭(치킨),창신동
16263,서울특별시 종로구 내수동 95 파크팰리스상가 105호 ,주크,호프/통닭,내수동
16276,서울특별시 종로구 청진동 191-1 (지상1층) ,광장가든,호프/통닭,청진동
16289,서울특별시 종로구 연건동 45-2 1층 ,연건식당,호프/통닭,연건동
16348,서울특별시 종로구 낙원동 210번지 (지상2층) ,주유소,호프/통닭,낙원동
16349,서울특별시 종로구 연건동 139-2번지 1층 ,구어조은닭,통닭(치킨),연건동
16354,서울특별시 종로구 누상동 166-161번지 지상2층 ,묘한술책,호프/통닭,누상동
16407,서울특별시 종로구 홍지동 91-3번지 ,SM,호프/통닭,홍지동
16408,서울특별시 종로구 명륜2가 188번지 지하1층 ,Bunker(벙커),호프/통닭,명륜2가
16419,서울특별시 종로구 충신동 188-14 (지상1층) ,스카이,호프/통닭,충신동
16440,서울특별시 종로구 팔판동 97-2 지상1.2층 ,치골뱅 비어뱅,호프/통닭,팔판동
16447,서울특별시 종로구 명륜4가 16-1번지 3층 ,꾼노리,호프/통닭,명륜4가
16488,"서울특별시 종로구 명륜2가 41-9번지 (지상8,9층) ",와라와라 대학로점,호프/통닭,명륜2가
16537,서울특별시 종로구 관철동 7-11번지 지상 3층 ,맘모스 고기부페,호프/통닭,관철동
16538,서울특별시 종로구 종로2가 8-4번지 1층 ,만선,호프/통닭,종로2가
16546,서울특별시 종로구 명륜2가 202 ,야꼬닭,호프/통닭,명륜2가
16553,서울특별시 종로구 숭인동 1198 (지상1층) ,엄지척 포차,호프/통닭,숭인동
16596,서울특별시 종로구 관철동 180번지 스타골드빌딩 ,벚꽃 야시장,호프/통닭,관철동
16666,서울특별시 종로구 무악동 45-379번지 (지상1층) ,쌀이라면,호프/통닭,무악동
16691,서울특별시 종로구 종로5가 182-2번지 2층 ,궁,호프/통닭,종로5가
16693,"서울특별시 종로구 혜화동 178-1 2,3층 ",마나술루,호프/통닭,혜화동
16700,서울특별시 종로구 숭인동 72-70번지 지상1층 ,호야치킨,통닭(치킨),숭인동
16706,서울특별시 종로구 명륜3가 16번지 (지하1층) ,미쳐버린 파닭,통닭(치킨),명륜3가
16741,서울특별시 종로구 낙원동 82-3 ,별난집,호프/통닭,낙원동
16745,서울특별시 종로구 통인동 147-2번지 (지상1층) ,서촌강정&치킨,통닭(치킨),통인동
16774,서울특별시 종로구 돈의동 10번지 지상1층 ,종로 맛소리,호프/통닭,돈의동
16775,서울특별시 종로구 관철동 11-24번지 ,자이안트,호프/통닭,관철동
16826,서울특별시 종로구 숭인동 200-8번지 3층 ,알로알로,호프/통닭,숭인동
16862,서울특별시 종로구 창신동 263번지 지상3층 ,타워치킨 동묘점,호프/통닭,창신동
17024,서울특별시 종로구 창신동 580-7번지 ,고짱,호프/통닭,창신동
17056,서울특별시 종로구 효제동 65-2번지 ,단미,호프/통닭,효제동
17089,서울특별시 종로구 명륜1가 16-31번지 ,내내치킨,호프/통닭,명륜1가
17107,서울특별시 종로구 신영동 44번지 지상1층 ,또래오래치킨,통닭(치킨),신영동
17113,"서울특별시 종로구 당주동 145번지 롯데미도파빌딩 지하52호,53호 ",미도호프식당,호프/통닭,당주동
17123,서울특별시 종로구 숭인동 226-2번지 지상1층 ,오아시스,호프/통닭,숭인동
17141,서울특별시 종로구 종로4가 5번지 (지하2층) ,오비호프,호프/통닭,종로4가
17204,서울특별시 종로구 당주동 171번지 1층 ,오븐에 빠진닭,통닭(치킨),당주동
17218,서울특별시 종로구 신문로1가 58-1번지 외3필지 ,하얀돌,호프/통닭,신문로1가
17221,서울특별시 종로구 원남동 225-4 지상1층 ,멕시카나치킨,호프/통닭,원남동
17259,서울특별시 종로구 충신동 2 지상1층 ,클립,호프/통닭,충신동
17291,서울특별시 종로구 숭인동 682번지 ,대아,호프/통닭,숭인동
17293,서울특별시 종로구 평창동 299-1번지 (지상1층) ,리더스,호프/통닭,평창동
17310,서울특별시 종로구 명륜1가 97-5 2층 ,사천포차,호프/통닭,명륜1가
17327,서울특별시 종로구 숭인동 189번지 (지하1층) ,샤론술통,호프/통닭,숭인동
17352,서울특별시 종로구 혜화동 143-2번지 지상1층 ,치킨매니아 대학로점,통닭(치킨),혜화동
17370,서울특별시 종로구 통인동 141-2 지상1층 ,이화,호프/통닭,통인동
17393,서울특별시 종로구 명륜4가 72-4번지 ,지짐이호프,호프/통닭,명륜4가
17479,"서울특별시 종로구 익선동 148번지 지상1층, 1호 ",바모스,호프/통닭,익선동
17480,서울특별시 종로구 평창동 151-2번지 지상1층 ,비엠,호프/통닭,평창동
17490,서울특별시 종로구 창신동 266-2번지 ,못난이 닭강정,통닭(치킨),창신동
17502,서울특별시 종로구 창신동 582-3 지상1층 ,부어치킨 창신점,통닭(치킨),창신동
17631,서울특별시 종로구 동숭동 1-87 2층 ,샴,호프/통닭,동숭동
17685,서울특별시 종로구 돈의동 166 1층 ,물방,호프/통닭,돈의동
17687,서울특별시 종로구 관철동 11-1번지 ,종로선술집,호프/통닭,관철동
17752,서울특별시 종로구 낙원동 158번지 1층 ,도모,호프/통닭,낙원동
17769,서울특별시 종로구 창신동 580-3번지 ,황제,호프/통닭,창신동
17820,서울특별시 종로구 평동 43 경희궁자이 3단지 ,낭만치맥 서대문점,호프/통닭,평동
17827,서울특별시 종로구 관철동 14-8번지 ,레드컨테이너 카페 종로점,호프/통닭,관철동
17847,서울특별시 종로구 명륜1가 15-1번지 ,아벡데프리츠,호프/통닭,명륜1가
17852,서울특별시 종로구 효제동 233-1번지 ,궁전카페,호프/통닭,효제동
17863,서울특별시 종로구 무악동 46-1419번지 지상1층 ,이타리아치킨,통닭(치킨),무악동
17889,서울특별시 종로구 명륜2가 21-9 ,비비큐치킨,호프/통닭,명륜2가
17921,서울특별시 종로구 명륜2가 222 ,달려라 봉쥬비어,호프/통닭,명륜2가
17955,서울특별시 종로구 숭인동 766번지 ,또바기치킨숭인동점,통닭(치킨),숭인동
17975,서울특별시 종로구 숭인동 1410 (지상1층) ,깜닭치킨(숭인점),통닭(치킨),숭인동
18020,"서울특별시 종로구 체부동 30번지 (지상1층,30,31번지) ",도버메이드,호프/통닭,체부동
18043,서울특별시 종로구 관철동 19-1번지 4층 ,와바호프,호프/통닭,관철동
18093,서울특별시 종로구 혜화동 190-1번지 지상1층 ,홈런포차,호프/통닭,혜화동
18097,서울특별시 종로구 낙원동 55-1번지 ,브라더스,호프/통닭,낙원동
18148,서울특별시 종로구 동숭동 1-114 (3층) ,아맛나슈퍼 이구포차 마로니에,호프/통닭,동숭동
18171,서울특별시 종로구 종로5가 332-14 ,힐,호프/통닭,종로5가
18189,서울특별시 종로구 명륜4가 59-3번지 ,맥주하우스,호프/통닭,명륜4가
18194,서울특별시 종로구 숭인동 390-1 ,산채만두전문점,호프/통닭,숭인동
18220,서울특별시 종로구 명륜2가 142-2번지 ,라르고,호프/통닭,명륜2가
18222,서울특별시 종로구 명륜2가 21-26 ,두 죽,호프/통닭,명륜2가
18308,서울특별시 종로구 숭인동 396 ,쭌이생호프,호프/통닭,숭인동
18337,서울특별시 종로구 창신동 80-3 ,별난청춘포차,호프/통닭,창신동
18342,서울특별시 종로구 관철동 11-5번지 ,(주)제너시스 비비큐 프리미엄 카페 종로관철점,통닭(치킨),관철동
18343,서울특별시 종로구 충신동 27-17번지 (지상1층) ,보보스,호프/통닭,충신동
18344,서울특별시 종로구 충신동 35-9번지 지상1층 ,미림,호프/통닭,충신동
18387,서울특별시 종로구 구기동 110-7 지상2층 ,광,호프/통닭,구기동
18394,서울특별시 종로구 숭인동 1399 지상2층 ,어른이대공원,호프/통닭,숭인동
18430,서울특별시 종로구 동숭동 1-60번지 ,헤이판,호프/통닭,동숭동
18552,서울특별시 종로구 낙원동 159 (지상4층) ,루트,호프/통닭,낙원동
18553,서울특별시 종로구 명륜2가 184번지 지하1층 ,달빛한모금,호프/통닭,명륜2가
18569,서울특별시 종로구 관철동 42-4번지 지하1층 ,다트 팩토리,호프/통닭,관철동
18591,서울특별시 종로구 창신동 580-3번지 ,새벽닭,통닭(치킨),창신동
18603,서울특별시 종로구 인사동 99번지 (지상1층) ,미리내,호프/통닭,인사동
18615,서울특별시 종로구 창신동 464-8번지 ,라이브호프,호프/통닭,창신동
18701,서울특별시 종로구 명륜4가 90번지 ,강정애퐁,통닭(치킨),명륜4가
18727,서울특별시 종로구 청진동 191-2번지 ,청진영양센타,통닭(치킨),청진동
18746,서울특별시 종로구 관철동 14-3 지하1층 ,달려라 봉쥬비어,호프/통닭,관철동
18763,서울특별시 종로구 숭인동 190-1번지 1층 ,대박주막골,호프/통닭,숭인동
18766,서울특별시 종로구 관수동 68 지상2층 ,계동치킨,통닭(치킨),관수동
18768,서울특별시 종로구 종로5가 193-11번지 (지상2층) ,약속호프,호프/통닭,종로5가
18773,서울특별시 종로구 내자동 1-2번지 1층 ,열정 골뱅이,호프/통닭,내자동
18782,서울특별시 종로구 창신동 20-10번지 ,카페이그니이트,호프/통닭,창신동
18783,서울특별시 종로구 숭인동 177-2 ,맥주창고,호프/통닭,숭인동
18806,서울특별시 종로구 동숭동 1-83번지 ,더후라이팬,통닭(치킨),동숭동
18809,서울특별시 종로구 명륜2가 211번지 지상4층 ,캠브리지,호프/통닭,명륜2가
18810,서울특별시 종로구 관수동 89 지상 2층 ,라인강,호프/통닭,관수동
18811,서울특별시 종로구 창신동 498번지 (2층) ,이가우육면,호프/통닭,창신동
18852,서울특별시 종로구 내수동 95 ,네네치킨 광화문점,통닭(치킨),내수동
18922,서울특별시 종로구 홍지동 46-1 지상1층 ,화수미,호프/통닭,홍지동
18938,서울특별시 종로구 원남동 225-6번지 지상1층 ,레인보우,호프/통닭,원남동
18945,서울특별시 종로구 평창동 596번지 ,에펠탑,통닭(치킨),평창동
18948,서울특별시 종로구 숭인동 759 1층 ,언니네 포차,통닭(치킨),숭인동
18952,서울특별시 종로구 혜화동 74-38번지 ,닭이네,통닭(치킨),혜화동
18961,서울특별시 종로구 관철동 19-6번지 지상2층 ,라디오 시어터,호프/통닭,관철동
18988,서울특별시 종로구 누상동 32-2번지 지상 1층 ,서촌봉닭,통닭(치킨),누상동
19002,서울특별시 종로구 평창동 301-1 ,평창동 STORY(스토리),호프/통닭,평창동
19003,서울특별시 종로구 교북동 101번지 ,"건달요리(닭어사, 못말리는파닭)",통닭(치킨),교북동
19023,서울특별시 종로구 평창동 195-1 ,위드치킨,호프/통닭,평창동
19038,서울특별시 종로구 평창동 150-5번지 ,유케이 (U K),호프/통닭,평창동
19046,"서울특별시 종로구 청진동 92번지 지하1층, 그랑서울 107호",피카 익스프레스,호프/통닭,청진동
19081,서울특별시 종로구 명륜2가 150-2번지 지상2층 ,FRIENDS(프랜즈),호프/통닭,명륜2가
19088,서울특별시 종로구 명륜3가 1-1145 ,멕시카나 성대 혜화점,호프/통닭,명륜3가
19116,서울특별시 종로구 창신동 391-6 ,계,호프/통닭,창신동
19122,서울특별시 종로구 돈의동 34 ,빈티지(VINTAGE),호프/통닭,돈의동
19142,서울특별시 종로구 동숭동 25-5 ,깐부치킨,호프/통닭,동숭동
19144,서울특별시 종로구 봉익동 12-8번지 ,미니커피숍,호프/통닭,봉익동
19172,서울특별시 종로구 청진동 70 그랑서울 제타워1 309호,비비큐(BBQ)롤파크점,호프/통닭,청진동
19177,서울특별시 종로구 낙원동 58-1 종로오피스텔 101~103호 ,모트세,호프/통닭,낙원동
19184,서울특별시 종로구 관수동 26 ,신의혼밥 종로점,호프/통닭,관수동
19185,서울특별시 종로구 홍파동 199 경희궁자이 2단지 ,푸라닭 독립문역점,호프/통닭,홍파동
19225,서울특별시 종로구 돈의동 37번지 지하1층 ,팝콘,호프/통닭,돈의동
19232,서울특별시 종로구 청진동 209-1번지 양지빌딩 5층 ,종로농아,호프/통닭,청진동
19257,서울특별시 종로구 동숭동 1-92 (태원빌딩 3층) ,꾸미,호프/통닭,동숭동
19266,서울특별시 종로구 관철동 14-3번지 지상 4층 ,와타시,호프/통닭,관철동
19288,서울특별시 종로구 연건동 197-6번지 ,작은공간,호프/통닭,연건동
19297,서울특별시 종로구 동숭동 1-87번지 ,1번가 비어캐슬,호프/통닭,동숭동
19326,서울특별시 종로구 명륜2가 161-10번지 지상1층 ,연지호프,호프/통닭,명륜2가
19438,"서울특별시 종로구 명륜2가 33-2번지 지상1,2층 ",치킨뱅이,통닭(치킨),명륜2가
19570,서울특별시 종로구 숭인동 1248 ,#무궁화,호프/통닭,숭인동
19618,서울특별시 종로구 무악동 45-19 ,아백치킨,호프/통닭,무악동
19672,서울특별시 종로구 관철동 13-1 (지상1층) ,유가네 닭갈비,통닭(치킨),관철동
19677,서울특별시 종로구 청진동 246 D타워 ,효도치킨 디타워점,호프/통닭,청진동
19715,서울특별시 종로구 창신동 130-70 동광그린빌라 제지하3층 제3비01호,상감치킨,호프/통닭,창신동
19727,서울특별시 종로구 숭인동 56-42번지 중앙빌딩 1층 ,땡큐맘 치킨,통닭(치킨),숭인동
19736,서울특별시 종로구 공평동 17 (지상2층) ,가연,호프/통닭,공평동
19740,서울특별시 종로구 교남동 47번지 (지상1층) ,명월,호프/통닭,교남동
19741,서울특별시 종로구 창신동 23-74번지 지상1층 ,OK치킨,통닭(치킨),창신동
19744,서울특별시 종로구 동숭동 1-96번지 4층 ,시즌2 상하이객잔,호프/통닭,동숭동
19746,서울특별시 종로구 효제동 65-2번지 지상2층 ,만남의 광장,호프/통닭,효제동
19764,서울특별시 종로구 창신동 583-19번지 (1층) ,썬더치킨,통닭(치킨),창신동
19769,서울특별시 종로구 통의동 67-2번지 (2층) ,홍탁촌,호프/통닭,통의동
19782,서울특별시 종로구 봉익동 8-1번지 (지상1층) ,기와집칼국수,통닭(치킨),봉익동
19805,서울특별시 종로구 부암동 208-39번지 (1층) ,부암동주식(부암동酒食),호프/통닭,부암동
19811,서울특별시 종로구 중학동 14번지 트윈트리 A동 B202호 ,에디스 비(eddys B),호프/통닭,중학동
19841,서울특별시 종로구 소격동 144-6번지 ,천진포자,호프/통닭,소격동
19843,서울특별시 종로구 명륜2가 184번지 ,호프팅,통닭(치킨),명륜2가
19873,서울특별시 종로구 통인동 94-1 ,지금이서촌,호프/통닭,통인동
19885,서울특별시 종로구 낙원동 232 ,피피피(PPP),호프/통닭,낙원동
19977,서울특별시 종로구 창신동 438-14 ,감성 꼬꼬 포차,호프/통닭,창신동
